Sample,kmeansgroup4,Pre_group
TCGA.C5.A2M2.01,0,0
TCGA.C5.A7CK.01,0,0
TCGA.C5.A905.01,0,0
TCGA.DG.A2KH.01,0,0
TCGA.DS.A7WF.01,0,0
TCGA.EA.A1QS.01,0,0
TCGA.EA.A4BA.01,0,0
TCGA.EA.A5O9.01,0,0
TCGA.EK.A3GK.01,0,0
TCGA.FU.A3HZ.01,0,0
TCGA.HG.A9SC.01,0,0
TCGA.HM.A6W2.01,0,0
TCGA.IR.A3L7.01,0,0
TCGA.IR.A3LA.01,0,0
TCGA.IR.A3LI.01,0,0
TCGA.JW.A5VK.01,0,0
TCGA.JW.A69B.01,0,0
TCGA.JW.AAVH.01,0,0
TCGA.JX.A3Q8.01,0,0
TCGA.LP.A5U3.01,0,0
TCGA.MA.AA3Z.01,0,0
TCGA.MY.A5BD.01,0,0
TCGA.Q1.A73R.01,0,0
TCGA.UC.A7PI.01,0,0
TCGA.VS.A8EC.01,0,0
TCGA.VS.A8EJ.01,0,0
TCGA.VS.A8EK.01,0,0
TCGA.VS.A8QA.01,0,0
TCGA.VS.A950.01,0,0
TCGA.VS.A9UC.01,0,0
TCGA.VS.A9UL.01,0,0
TCGA.VS.A9UM.01,0,0
TCGA.VS.A9UP.01,0,0
TCGA.VS.A9UR.01,0,0
TCGA.VS.A9UV.01,0,0
TCGA.VS.A9UZ.01,0,0
TCGA.VS.A9V4.01,0,0
TCGA.VS.A9V5.01,0,0
TCGA.BI.A0VR.01,0,0
TCGA.BI.A0VS.01,0,0
TCGA.C5.A2LZ.01,0,0
TCGA.C5.A2M1.01,0,0
TCGA.C5.A7UE.01,0,0
TCGA.DG.A2KM.01,0,0
TCGA.EA.A3HU.01,0,0
TCGA.EA.A3QD.01,0,0
TCGA.EA.A3QE.01,0,0
TCGA.EA.A78R.01,0,0
TCGA.EK.A2GZ.01,0,0
TCGA.EK.A2H0.01,0,0
TCGA.EK.A2PG.01,0,0
TCGA.EK.A2RA.01,0,0
TCGA.EK.A2RD.01,0,0
TCGA.EK.A2RK.01,0,0
TCGA.EK.A2RN.01,0,0
TCGA.EK.A3GJ.01,0,0
TCGA.EX.A69L.01,0,1
TCGA.FU.A3TQ.01,0,0
TCGA.FU.A3YQ.01,0,0
TCGA.IR.A3LF.01,0,0
TCGA.IR.A3LK.01,0,0
TCGA.IR.A3LL.01,0,0
TCGA.JX.A3Q0.01,0,0
TCGA.LP.A7HU.01,0,0
TCGA.MA.AA3W.01,0,0
TCGA.MA.AA42.01,0,0
TCGA.MU.A5YI.01,0,0
TCGA.Q1.A73P.01,0,0
TCGA.Q1.A73Q.01,0,0
TCGA.R2.A69V.01,0,0
TCGA.RA.A741.01,0,0
TCGA.UC.A7PF.01,0,0
TCGA.VS.A94W.01,0,0
TCGA.VS.A957.01,0,0
TCGA.VS.A958.01,0,0
TCGA.VS.A959.01,0,0
TCGA.VS.A9U7.01,0,0
TCGA.VS.A9UI.01,0,0
TCGA.VS.A9V2.01,0,0
TCGA.XS.A8TJ.01,0,0
TCGA.ZJ.AAXU.01,0,0
TCGA.EX.A1H6.01,0,0
TCGA.4J.AA1J.01,0,0
TCGA.C5.A1M6.01,0,0
TCGA.C5.A1M9.01,0,0
TCGA.C5.A1MF.01,0,0
TCGA.C5.A1MJ.01,0,0
TCGA.C5.A1ML.01,0,0
TCGA.C5.A1MN.01,0,0
TCGA.C5.A7CL.01,0,0
TCGA.C5.A7UC.01,0,0
TCGA.C5.A7UH.01,0,0
TCGA.C5.A7X8.01,0,0
TCGA.C5.A8XK.01,0,0
TCGA.C5.A8YR.01,0,0
TCGA.C5.A8ZZ.01,0,0
TCGA.DS.A0VM.01,0,0
TCGA.DS.A1OC.01,0,0
TCGA.DS.A7WI.01,0,0
TCGA.EA.A50E.01,0,0
TCGA.EA.A5ZF.01,0,0
TCGA.EK.A2PK.01,0,0
TCGA.EK.A2PM.01,0,0
TCGA.EK.A2R8.01,0,0
TCGA.EK.A2RE.01,0,0
TCGA.EK.A2RO.01,0,0
TCGA.EK.A3GN.01,0,0
TCGA.EX.A1H5.01,0,0
TCGA.GH.A9DA.01,0,0
TCGA.IR.A3LB.01,0,0
TCGA.JW.A5VG.01,0,0
TCGA.JW.A5VH.01,0,0
TCGA.JX.A3PZ.01,0,0
TCGA.MY.A913.01,0,0
TCGA.VS.A8EB.01,0,0
TCGA.VS.A8EG.01,0,0
TCGA.VS.A8Q9.01,0,0
TCGA.VS.A8QC.01,0,0
TCGA.VS.A8QH.01,0,0
TCGA.VS.A94Y.01,0,0
TCGA.VS.A953.01,0,0
TCGA.VS.A9V0.01,0,0
TCGA.ZJ.A8QR.01,0,0
TCGA.ZJ.AAXB.01,0,0
TCGA.ZJ.AAXN.01,0,0
TCGA.ZJ.AB0I.01,0,0
TCGA.C5.A1BF.01,0,0
TCGA.C5.A3HD.01,0,0
TCGA.C5.A1BJ.01,1,1
TCGA.C5.A1BM.01,1,1
TCGA.C5.A1MH.01,1,1
TCGA.C5.A1MP.01,1,1
TCGA.C5.A1MQ.01,1,1
TCGA.C5.A2LS.01,1,1
TCGA.C5.A2LT.01,1,1
TCGA.C5.A3HF.01,1,1
TCGA.C5.A7CJ.01,1,1
TCGA.C5.A7CO.01,1,1
TCGA.C5.A7UI.01,1,1
TCGA.C5.A7X3.01,1,1
TCGA.C5.A8XH.01,1,1
TCGA.C5.A8XI.01,1,1
TCGA.C5.A8YQ.01,1,1
TCGA.C5.A901.01,1,1
TCGA.DG.A2KK.01,1,1
TCGA.DR.A0ZL.01,1,1
TCGA.DS.A0VL.01,1,1
TCGA.DS.A0VN.01,1,1
TCGA.DS.A1O9.01,1,1
TCGA.DS.A1OA.01,1,1
TCGA.DS.A3LQ.01,1,1
TCGA.DS.A5RQ.01,1,1
TCGA.EA.A1QT.01,1,1
TCGA.EA.A3HQ.01,1,1
TCGA.EA.A3HR.01,1,1
TCGA.EA.A3HS.01,1,1
TCGA.EA.A3HT.01,1,1
TCGA.EA.A3Y4.01,1,1
TCGA.EA.A411.01,1,1
TCGA.EA.A43B.01,1,1
TCGA.EA.A44S.01,1,1
TCGA.EA.A5ZD.01,1,1
TCGA.EA.A97N.01,1,1
TCGA.EK.A2H1.01,1,1
TCGA.EK.A2PL.01,1,1
TCGA.EK.A2R7.01,1,1
TCGA.EK.A2RB.01,1,1
TCGA.EK.A2RC.01,1,1
TCGA.EK.A3GM.01,1,1
TCGA.EX.A69M.01,1,1
TCGA.FU.A23K.01,1,1
TCGA.FU.A3NI.01,1,1
TCGA.FU.A3WB.01,1,1
TCGA.FU.A5XV.01,1,1
TCGA.FU.A770.01,1,1
TCGA.HG.A2PA.01,1,1
TCGA.JW.A5VJ.01,1,1
TCGA.JX.A5QV.01,1,1
TCGA.LP.A4AU.01,1,1
TCGA.LP.A4AV.01,1,1
TCGA.LP.A4AW.01,1,1
TCGA.LP.A4AX.01,1,1
TCGA.MY.A5BF.01,1,1
TCGA.PN.A8MA.01,1,1
TCGA.Q1.A5R2.01,1,1
TCGA.Q1.A5R3.01,1,1
TCGA.Q1.A6DV.01,1,1
TCGA.Q1.A73O.01,1,1
TCGA.UC.A7PD.01,1,1
TCGA.UC.A7PG.01,1,1
TCGA.VS.A8EI.01,1,1
TCGA.VS.A8Q8.01,1,1
TCGA.VS.A8QF.01,1,1
TCGA.VS.A8QM.01,1,1
TCGA.VS.A94Z.01,1,1
TCGA.VS.A954.01,1,1
TCGA.VS.A9U5.01,1,1
TCGA.VS.A9UA.01,1,1
TCGA.VS.A9UO.01,1,1
TCGA.VS.A9UQ.01,1,1
TCGA.VS.A9UT.01,1,1
TCGA.VS.A9UU.01,1,1
TCGA.VS.A9UY.01,1,1
TCGA.VS.A9V3.01,1,1
TCGA.VS.AA62.01,1,1
TCGA.WL.A834.01,1,1
TCGA.ZJ.A8QO.01,1,1
TCGA.ZJ.A8QQ.01,1,1
TCGA.ZJ.AAX4.01,1,1
TCGA.ZJ.AAX8.01,1,1
TCGA.ZJ.AAXD.01,1,1
TCGA.ZJ.AAXT.01,1,1
TCGA.C5.A1BE.01,1,1
TCGA.C5.A1BI.01,1,1
TCGA.C5.A1BQ.01,1,1
