Sample,Status,Time,kmeansgroup4
TCGA.2W.A8YY.01,0,533,1+4
TCGA.4J.AA1J.01,0,542,3
TCGA.BI.A0VR.01,0,1505,1+4
TCGA.BI.A0VS.01,0,1735,2
TCGA.BI.A20A.01,0,720,2
TCGA.C5.A0TN.01,1,348,3
TCGA.C5.A1BJ.01,0,4385,1+4
TCGA.C5.A1BL.01,0,5271,1+4
TCGA.C5.A1BM.01,1,2520,1+4
TCGA.C5.A1M5.01,1,2052,1+4
TCGA.C5.A1M6.01,1,955,3
TCGA.C5.A1M7.01,0,1409,2
TCGA.C5.A1M8.01,0,919,3
TCGA.C5.A1M9.01,1,1065,3
TCGA.C5.A1ME.01,0,1756,1+4
TCGA.C5.A1MF.01,0,1617,3
TCGA.C5.A1MH.01,1,1186,1+4
TCGA.C5.A1MI.01,1,1083,1+4
TCGA.C5.A1MJ.01,1,14,1+4
TCGA.C5.A1MK.01,1,74,3
TCGA.C5.A1ML.01,1,636,3
TCGA.C5.A1MN.01,1,1245,3
TCGA.C5.A1MP.01,0,109,1+4
TCGA.C5.A1MQ.01,0,1031,1+4
TCGA.C5.A2LS.01,0,1345,2
TCGA.C5.A2LT.01,0,2226,2
TCGA.C5.A2LV.01,0,2234,1+4
TCGA.C5.A2LX.01,0,2526,2
TCGA.C5.A2LY.01,0,2383,2
TCGA.C5.A2LZ.01,1,3046,2
TCGA.C5.A2M1.01,0,1169,2
TCGA.C5.A2M2.01,1,1011,1+4
TCGA.C5.A3HE.01,0,548,1+4
TCGA.C5.A3HF.01,1,543,1+4
TCGA.C5.A3HL.01,0,621,1+4
TCGA.C5.A7CG.01,0,6408,2
TCGA.C5.A7CH.01,0,4694,1+4
TCGA.C5.A7CJ.01,1,3097,1+4
TCGA.C5.A7CK.01,1,4086,1+4
TCGA.C5.A7CL.01,1,471,3
TCGA.C5.A7CM.01,0,619,3
TCGA.C5.A7CO.01,0,4482,1+4
TCGA.C5.A7UC.01,1,523,3
TCGA.C5.A7UE.01,0,4738,2
TCGA.C5.A7UH.01,0,3988,3
TCGA.C5.A7UI.01,1,2888,2
TCGA.C5.A7X3.01,1,284,1+4
TCGA.C5.A7X5.01,1,414,3
TCGA.C5.A7X8.01,0,83,3
TCGA.C5.A7XC.01,0,1551,2
TCGA.C5.A8XH.01,1,1394,1+4
TCGA.C5.A8XI.01,0,254,1+4
TCGA.C5.A8XJ.01,0,4467,3
TCGA.C5.A8XK.01,0,3039,3
TCGA.C5.A8YQ.01,1,715,3
TCGA.C5.A8YR.01,1,837,3
TCGA.C5.A8YT.01,1,633,1+4
TCGA.C5.A8ZZ.01,0,636,3
TCGA.C5.A901.01,0,518,1+4
TCGA.C5.A902.01,0,149,1+4
TCGA.C5.A905.01,0,4879,1+4
TCGA.C5.A907.01,0,448,3
TCGA.DG.A2KH.01,0,34,1+4
TCGA.DG.A2KJ.01,0,2893,1+4
TCGA.DG.A2KK.01,0,2496,1+4
TCGA.DG.A2KL.01,0,1367,1+4
TCGA.DG.A2KM.01,0,1946,2
TCGA.DR.A0ZL.01,0,2669,2
TCGA.DR.A0ZM.01,0,1791,1+4
TCGA.DS.A0VK.01,1,1118,1+4
TCGA.DS.A0VL.01,1,1692,1+4
TCGA.DS.A0VM.01,0,3589,3
TCGA.DS.A0VN.01,0,3609,1+4
TCGA.DS.A1O9.01,1,266,3
TCGA.DS.A1OA.01,1,879,1+4
TCGA.DS.A1OB.01,1,861,3
TCGA.DS.A1OC.01,0,376,3
TCGA.DS.A1OD.01,0,3097,1+4
TCGA.DS.A3LQ.01,0,699,1+4
TCGA.DS.A5RQ.01,0,512,1+4
TCGA.DS.A7WF.01,1,492,1+4
TCGA.DS.A7WH.01,0,533,3
TCGA.DS.A7WI.01,1,252,1+4
TCGA.EA.A1QS.01,0,1203,2
TCGA.EA.A1QT.01,0,1243,1+4
TCGA.EA.A3HQ.01,0,1136,1+4
TCGA.EA.A3HR.01,0,940,1+4
TCGA.EA.A3HS.01,0,959,1+4
TCGA.EA.A3HT.01,0,954,1+4
TCGA.EA.A3HU.01,0,1013,1+4
TCGA.EA.A3QD.01,0,397,2
TCGA.EA.A3QE.01,0,761,2
TCGA.EA.A3Y4.01,0,1122,3
TCGA.EA.A410.01,0,803,1+4
TCGA.EA.A411.01,0,747,1+4
TCGA.EA.A439.01,0,965,3
TCGA.EA.A43B.01,0,791,1+4
TCGA.EA.A44S.01,0,369,1+4
TCGA.EA.A4BA.01,0,755,3
TCGA.EA.A50E.01,1,227,3
TCGA.EA.A556.01,0,453,3
TCGA.EA.A5FO.01,0,815,1+4
TCGA.EA.A5O9.01,0,788,1+4
TCGA.EA.A5ZD.01,0,830,2
TCGA.EA.A5ZE.01,0,829,1+4
TCGA.EA.A5ZF.01,0,828,3
TCGA.EA.A6QX.01,0,730,2
TCGA.EA.A78R.01,0,410,2
TCGA.EA.A97N.01,0,11,2
TCGA.EK.A2GZ.01,0,383,2
TCGA.EK.A2H0.01,0,1847,2
TCGA.EK.A2H1.01,0,799,1+4
TCGA.EK.A2IP.01,0,202,1+4
TCGA.EK.A2IR.01,0,3442,1+4
TCGA.EK.A2PG.01,0,46,2
TCGA.EK.A2PI.01,0,586,1+4
TCGA.EK.A2PK.01,0,12,1+4
TCGA.EK.A2PL.01,0,13,1+4
TCGA.EK.A2PM.01,0,18,3
TCGA.EK.A2R7.01,0,27,1+4
TCGA.EK.A2R8.01,0,44,3
TCGA.EK.A2R9.01,0,4,1+4
TCGA.EK.A2RA.01,0,1246,2
TCGA.EK.A2RB.01,0,9,1+4
TCGA.EK.A2RC.01,0,129,1+4
TCGA.EK.A2RD.01,0,2,1+4
TCGA.EK.A2RE.01,0,57,3
TCGA.EK.A2RJ.01,0,53,1+4
TCGA.EK.A2RK.01,0,13,2
TCGA.EK.A2RL.01,1,1453,3
TCGA.EK.A2RM.01,0,50,3
TCGA.EK.A2RN.01,0,71,2
TCGA.EK.A2RO.01,0,2,1+4
TCGA.EK.A3GJ.01,0,3,2
TCGA.EK.A3GK.01,0,15,1+4
TCGA.EK.A3GM.01,0,0,1+4
TCGA.EK.A3GN.01,0,27,3
TCGA.EX.A1H5.01,0,619,3
TCGA.EX.A3L1.01,0,463,1+4
TCGA.EX.A449.01,0,447,1+4
TCGA.EX.A69L.01,0,602,1+4
TCGA.EX.A69M.01,1,253,1+4
TCGA.EX.A8YF.01,0,473,1+4
TCGA.FU.A23K.01,0,372,1+4
TCGA.FU.A23L.01,0,725,1+4
TCGA.FU.A2QG.01,0,579,1+4
TCGA.FU.A3EO.01,0,490,2
TCGA.FU.A3HY.01,0,954,1+4
TCGA.FU.A3HZ.01,0,1103,1+4
TCGA.FU.A3NI.01,1,638,1+4
TCGA.FU.A3TQ.01,0,795,2
TCGA.FU.A3TX.01,0,45,1+4
TCGA.FU.A3WB.01,0,491,1+4
TCGA.FU.A3YQ.01,0,861,2
TCGA.FU.A40J.01,0,426,2
TCGA.FU.A57G.01,0,1078,3
TCGA.FU.A5XV.01,0,321,1+4
TCGA.FU.A770.01,0,34,2
TCGA.GH.A9DA.01,0,540,3
TCGA.HG.A2PA.01,1,773,1+4
TCGA.HG.A9SC.01,0,504,3
TCGA.HM.A3JJ.01,1,659,2
TCGA.HM.A3JK.01,0,632,1+4
TCGA.HM.A4S6.01,0,454,1+4
TCGA.HM.A6W2.01,0,287,3
TCGA.IR.A3L7.01,0,4483,2
TCGA.IR.A3LA.01,0,4172,2
TCGA.IR.A3LB.01,1,2032,3
TCGA.IR.A3LC.01,0,3935,2
TCGA.IR.A3LF.01,0,2949,2
TCGA.IR.A3LH.01,0,2394,1+4
TCGA.IR.A3LI.01,0,2493,1+4
TCGA.IR.A3LK.01,1,908,2
TCGA.IR.A3LL.01,0,1106,2
TCGA.JW.A5VG.01,0,834,3
TCGA.JW.A5VH.01,1,100,3
TCGA.JW.A5VI.01,0,747,3
TCGA.JW.A5VJ.01,0,652,1+4
TCGA.JW.A5VK.01,0,623,3
TCGA.JW.A5VL.01,0,474,1+4
TCGA.JW.A69B.01,0,863,1+4
TCGA.JW.A852.01,1,252,1+4
TCGA.JW.AAVH.01,0,552,1+4
TCGA.JX.A3PZ.01,1,642,3
TCGA.JX.A3Q0.01,0,6375,2
TCGA.JX.A3Q8.01,0,1357,1+4
TCGA.JX.A5QV.01,0,636,1+4
TCGA.LP.A4AU.01,0,343,1+4
TCGA.LP.A4AV.01,0,0,1+4
TCGA.LP.A4AW.01,0,27,1+4
TCGA.LP.A4AX.01,0,380,1+4
TCGA.LP.A5U2.01,0,9,1+4
TCGA.LP.A5U3.01,0,25,1+4
TCGA.LP.A7HU.01,0,406,2
TCGA.MA.AA3W.01,0,685,2
TCGA.MA.AA3X.01,0,617,1+4
TCGA.MA.AA3Y.01,0,542,1+4
TCGA.MA.AA3Z.01,0,595,1+4
TCGA.MA.AA41.01,0,279,1+4
TCGA.MA.AA42.01,0,259,2
TCGA.MA.AA43.01,0,346,3
TCGA.MU.A51Y.01,0,854,2
TCGA.MU.A5YI.01,0,1053,2
TCGA.MU.A8JM.01,0,607,3
TCGA.MY.A5BD.01,0,1667,3
TCGA.MY.A5BE.01,0,1066,1+4
TCGA.MY.A5BF.01,0,634,3
TCGA.MY.A913.01,0,524,1+4
TCGA.PN.A8MA.01,0,90,1+4
TCGA.Q1.A5R1.01,0,474,1+4
TCGA.Q1.A5R2.01,0,499,1+4
TCGA.Q1.A5R3.01,0,485,1+4
TCGA.Q1.A6DT.01,1,275,3
TCGA.Q1.A6DV.01,0,491,2
TCGA.Q1.A6DW.01,0,534,1+4
TCGA.Q1.A73O.01,0,428,1+4
TCGA.Q1.A73P.01,0,483,2
TCGA.Q1.A73Q.01,0,284,2
TCGA.Q1.A73R.01,0,567,1+4
TCGA.Q1.A73S.01,0,688,1+4
TCGA.R2.A69V.01,0,596,2
TCGA.RA.A741.01,0,444,2
TCGA.UC.A7PD.01,1,355,1+4
TCGA.UC.A7PF.01,1,2859,2
TCGA.UC.A7PG.01,1,370,1+4
TCGA.UC.A7PI.01,0,2114,1+4
TCGA.VS.A8EB.01,1,305,3
TCGA.VS.A8EC.01,0,1415,1+4
TCGA.VS.A8EG.01,0,1386,3
TCGA.VS.A8EH.01,0,986,3
TCGA.VS.A8EI.01,0,729,2
TCGA.VS.A8EJ.01,1,607,1+4
TCGA.VS.A8EK.01,1,829,1+4
TCGA.VS.A8EL.01,0,1992,1+4
TCGA.VS.A8Q8.01,1,978,2
TCGA.VS.A8Q9.01,0,1630,3
TCGA.VS.A8QA.01,0,1099,1+4
TCGA.VS.A8QC.01,1,350,3
TCGA.VS.A8QF.01,0,1800,1+4
TCGA.VS.A8QH.01,1,1210,3
TCGA.VS.A8QM.01,1,951,1+4
TCGA.VS.A94W.01,0,1243,2
TCGA.VS.A94X.01,1,506,3
TCGA.VS.A94Y.01,1,144,3
TCGA.VS.A94Z.01,0,1015,1+4
TCGA.VS.A950.01,0,1221,1+4
TCGA.VS.A952.01,0,1778,1+4
TCGA.VS.A953.01,1,477,3
TCGA.VS.A954.01,0,1714,1+4
TCGA.VS.A957.01,0,1688,1+4
TCGA.VS.A958.01,0,1525,2
TCGA.VS.A959.01,0,1561,2
TCGA.VS.A9U5.01,0,1535,1+4
TCGA.VS.A9U6.01,0,1320,1+4
TCGA.VS.A9U7.01,0,1472,1+4
TCGA.VS.A9UA.01,0,867,1+4
TCGA.VS.A9UB.01,0,911,1+4
TCGA.VS.A9UC.01,0,825,1+4
TCGA.VS.A9UD.01,0,739,1+4
TCGA.VS.A9UH.01,0,1427,2
TCGA.VS.A9UI.01,1,1372,2
TCGA.VS.A9UJ.01,1,52,1+4
TCGA.VS.A9UL.01,1,442,3
TCGA.VS.A9UM.01,1,829,1+4
TCGA.VS.A9UO.01,0,1456,1+4
TCGA.VS.A9UP.01,0,1444,1+4
TCGA.VS.A9UQ.01,0,1263,1+4
TCGA.VS.A9UR.01,0,793,1+4
TCGA.VS.A9UT.01,0,482,3
TCGA.VS.A9UU.01,0,442,2
TCGA.VS.A9UV.01,1,104,1+4
TCGA.VS.A9UY.01,1,555,1+4
TCGA.VS.A9UZ.01,0,2044,1+4
TCGA.VS.A9V0.01,0,573,3
TCGA.VS.A9V1.01,1,157,1+4
TCGA.VS.A9V2.01,0,555,2
TCGA.VS.A9V3.01,0,540,1+4
TCGA.VS.A9V4.01,1,132,1+4
TCGA.VS.A9V5.01,1,494,1+4
TCGA.VS.AA62.01,1,469,1+4
TCGA.WL.A834.01,0,791,1+4
TCGA.XS.A8TJ.01,0,890,2
TCGA.ZJ.A8QO.01,0,0,2
TCGA.ZJ.A8QQ.01,0,2056,1+4
TCGA.ZJ.A8QR.01,1,582,3
TCGA.ZJ.AAX4.01,0,21,2
TCGA.ZJ.AAX8.01,0,0,2
TCGA.ZJ.AAXA.01,0,43,1+4
TCGA.ZJ.AAXB.01,0,0,3
TCGA.ZJ.AAXD.01,0,0,1+4
TCGA.ZJ.AAXF.01,0,0,2
TCGA.ZJ.AAXI.01,0,0,2
TCGA.ZJ.AAXJ.01,0,0,1+4
TCGA.ZJ.AAXN.01,0,0,1+4
TCGA.ZJ.AAXT.01,0,0,2
TCGA.ZJ.AAXU.01,0,5,2
TCGA.ZJ.AB0H.01,0,0,2
TCGA.ZJ.AB0I.01,0,0,3
TCGA.ZX.AA5X.01,0,119,1+4
TCGA.C5.A1BE.01,1,2094,2
TCGA.C5.A1BF.01,1,570,3
TCGA.C5.A1BI.01,0,1112,1+4
TCGA.C5.A1BK.01,0,5385,2
TCGA.C5.A1BN.01,1,166,3
TCGA.C5.A3HD.01,0,1582,3
TCGA.EX.A1H6.01,0,241,2
TCGA.C5.A1BQ.01,1,604,1+4
